[{"id":"6288238792468@s.whatsapp.net","name":"Player-219","serial":"357f4"},{"id":"6281370782582@s.whatsapp.net","name":"Player-452","serial":"97345"},{"id":"6283823748981@s.whatsapp.net","name":"Player-295","serial":"19e5f"},{"id":"6283115834126@s.whatsapp.net","name":"Player-304","serial":"b8e3f"},{"id":"6281266749417@s.whatsapp.net","name":"Player-424","serial":"31137"},{"id":"6287830547725@s.whatsapp.net","name":"Player-284","serial":"875be"},{"id":"6285864743922@s.whatsapp.net","name":"Player-22","serial":"f2a8c"},{"id":"6285864743922@s.whatsapp.net","name":"Player-662","serial":"394ee"},{"id":"6281290505823@s.whatsapp.net","name":"Player-318","serial":"3f8a2"},{"id":"6283119672206@s.whatsapp.net","name":"Player-306","serial":"57a90"},{"id":"6285600833492@s.whatsapp.net","name":"Player-161","serial":"bd0e2"},{"id":"6283119672206@s.whatsapp.net","name":"Player-575","serial":"25305"},{"id":"6289626392549@s.whatsapp.net","name":"Player-608","serial":"4b1cd"},{"id":"6285864743922@s.whatsapp.net","name":"Player-556","serial":"6395d"},{"id":"967701441177@s.whatsapp.net","name":"Player-267","serial":"799f1"},{"id":"6285864743922@s.whatsapp.net","name":"Player-247","serial":"d3bf5"},{"id":"6285701173292@s.whatsapp.net","name":"Player-227","serial":"e7a57"},{"id":"6285864743922@s.whatsapp.net","name":"Player-252","serial":"4d488"},{"id":"6282375879305@s.whatsapp.net","name":"Player-20","serial":"0d82f"},{"id":"6287712933029@s.whatsapp.net","name":"Player-694","serial":"dcf63"},{"id":"6285864743922@s.whatsapp.net","name":"Player-311","serial":"6cb9b"},{"id":"6285864743922@s.whatsapp.net","name":"Player-330","serial":"7263e"},{"id":"6285864743922@s.whatsapp.net","name":"Player-538","serial":"d68e6"},{"id":"6285864743922@s.whatsapp.net","name":"Player-208","serial":"22856"},{"id":"6283830393165@s.whatsapp.net","name":"Player-249","serial":"dfd59"},{"id":"6285864743922@s.whatsapp.net","name":"Player-142","serial":"91069"},{"id":"6288989566141@s.whatsapp.net","name":"Player-51","serial":"6d41f"}]