{
  "users": {
    "6285864743922@s.whatsapp.net": {
      "daftar": false,
      "nama": "RafatharCode",
      "otp": "-",
      "email": "-",
      "serial": "-",
      "Rafathar": false,
      "lastUnregTime": 1731085269008
    },
    "6285938355637@s.whatsapp.net": {
      "daftar": false,
      "nama": "bil",
      "otp": "-",
      "email": "-",
      "serial": "-",
      "Rafathar": false,
      "lastUnregTime": 1731085388037
    },
    "120363318521671268@newsletter": {
      "daftar": false,
      "nama": "No Name",
      "otp": "-",
      "email": "-",
      "serial": "-",
      "Rafathar": false,
      "lastUnregTime": 1731086327110
    },
    "6283805811703@s.whatsapp.net": {
      "daftar": false,
      "nama": "Hlmn 2",
      "otp": "-",
      "email": "-",
      "serial": "-",
      "Rafathar": false,
      "lastUnregTime": 1731088824839
    },
    "6285727264161@s.whatsapp.net": {
      "daftar": false,
      "nama": "Always Rasyaa☣️",
      "otp": "-",
      "email": "-",
      "serial": "-",
      "Rafathar": false,
      "lastUnregTime": 1731088855140
    },
    "62882020349239@s.whatsapp.net": {
      "daftar": false,
      "nama": "NOKOS BOT CPANEL 2",
      "otp": "-",
      "email": "-",
      "serial": "-",
      "Rafathar": false,
      "lastUnregTime": 1731090187913
    },
    "628568773831@s.whatsapp.net": {
      "daftar": false,
      "nama": "𝑾𝑨𝒀𝑺𝑿𝑴𝑶𝑫𝒁𝒁",
      "otp": "-",
      "email": "-",
      "serial": "-",
      "Rafathar": false,
      "lastUnregTime": 1731090653578
    },
    "6288242744096@s.whatsapp.net": {
      "daftar": false,
      "nama": "kenzo.defilipir()@$",
      "otp": "-",
      "email": "-",
      "serial": "-",
      "Rafathar": false,
      "lastUnregTime": 1731091125653
    },
    "6282311170426@s.whatsapp.net": {
      "daftar": false,
      "nama": "Riikyy 🩻",
      "otp": "-",
      "email": "-",
      "serial": "-",
      "Rafathar": false,
      "lastUnregTime": 1731092863583
    },
    "6285194520363@s.whatsapp.net": {
      "daftar": false,
      "nama": "Felix Saputra Tamba",
      "otp": "-",
      "email": "-",
      "serial": "-",
      "Rafathar": false,
      "lastUnregTime": 1731104406316
    },
    "6281228599963@s.whatsapp.net": {
      "daftar": false,
      "nama": "Ghostxdzz",
      "otp": "-",
      "email": "-",
      "serial": "-",
      "Rafathar": false,
      "lastUnregTime": 1731107471990
    },
    "6282312725595@s.whatsapp.net": {
      "daftar": false,
      "nama": "miko",
      "otp": "-",
      "email": "-",
      "serial": "-",
      "Rafathar": false,
      "lastUnregTime": 1731108437638
    },
    "6288215075120@s.whatsapp.net": {
      "daftar": false,
      "nama": "Wildan",
      "otp": "-",
      "email": "-",
      "serial": "-",
      "Rafathar": false,
      "lastUnregTime": 1731108519390
    },
    "6282261652010@s.whatsapp.net": {
      "daftar": false,
      "nama": "RioW",
      "otp": "-",
      "email": "-",
      "serial": "-",
      "Rafathar": false,
      "lastUnregTime": 1731112207405
    },
    "6283892516398@s.whatsapp.net": {
      "daftar": false,
      "nama": "ZIKCHIE STORE JP 2",
      "otp": "-",
      "email": "-",
      "serial": "-",
      "Rafathar": false,
      "lastUnregTime": 1731114623909
    },
    "6281274749995@s.whatsapp.net": {
      "daftar": false,
      "nama": "Izz",
      "otp": "-",
      "email": "-",
      "serial": "-",
      "Rafathar": false,
      "lastUnregTime": 1731126815363
    },
    "6281284878160@s.whatsapp.net": {
      "daftar": false,
      "nama": "arfa",
      "otp": "-",
      "email": "-",
      "serial": "-",
      "Rafathar": false,
      "lastUnregTime": 1731128126950
    },
    "6281290802585@s.whatsapp.net": {
      "daftar": false,
      "nama": "Sms",
      "otp": "-",
      "email": "-",
      "serial": "-",
      "Rafathar": false,
      "lastUnregTime": 1731132013303
    },
    "6285783478720@s.whatsapp.net": {
      "daftar": false,
      "nama": "VANN",
      "otp": "-",
      "email": "-",
      "serial": "-",
      "Rafathar": false,
      "lastUnregTime": 1731134329910
    },
    "6285817890965@s.whatsapp.net": {
      "daftar": false,
      "nama": "HILMANZ VS ORANG IRI",
      "otp": "-",
      "email": "-",
      "serial": "-",
      "Rafathar": false,
      "lastUnregTime": 1731135202348
    },
    "6283878776636@s.whatsapp.net": {
      "daftar": false,
      "nama": "AlwaysRizz4you",
      "otp": "-",
      "email": "-",
      "serial": "-",
      "Rafathar": false,
      "lastUnregTime": 1731137452597
    },
    "6285600140919@s.whatsapp.net": {
      "daftar": false,
      "nama": "brann?",
      "otp": "-",
      "email": "-",
      "serial": "-",
      "Rafathar": false,
      "lastUnregTime": 1731137723112
    },
    "6285141617038@s.whatsapp.net": {
      "daftar": false,
      "nama": "BARAA STORE",
      "otp": "-",
      "email": "-",
      "serial": "-",
      "Rafathar": false,
      "lastUnregTime": 1731138858913
    },
    "628111250703@s.whatsapp.net": {
      "daftar": false,
      "nama": ".",
      "otp": "-",
      "email": "-",
      "serial": "-",
      "Rafathar": false,
      "lastUnregTime": 1731139486889
    },
    "6285776011493@s.whatsapp.net": {
      "daftar": false,
      "nama": "lopelovresijay",
      "otp": "-",
      "email": "-",
      "serial": "-",
      "Rafathar": false,
      "lastUnregTime": 1731139539924
    },
    "6285935348765@s.whatsapp.net": {
      "daftar": false,
      "nama": "Azfal Market",
      "otp": "-",
      "email": "-",
      "serial": "-",
      "Rafathar": false,
      "lastUnregTime": 1731140601993
    },
    "62895328310185@s.whatsapp.net": {
      "daftar": false,
      "nama": "khalid",
      "otp": "-",
      "email": "-",
      "serial": "-",
      "Rafathar": false,
      "lastUnregTime": 1731140986037
    },
    "6289518303639@s.whatsapp.net": {
      "daftar": false,
      "nama": "Aan",
      "otp": "-",
      "email": "-",
      "serial": "-",
      "Rafathar": false,
      "lastUnregTime": 1731141944599
    },
    "6285270770174@s.whatsapp.net": {
      "daftar": false,
      "nama": "Nizm-Offcial",
      "otp": "-",
      "email": "-",
      "serial": "-",
      "Rafathar": false,
      "lastUnregTime": 1731144317360
    },
    "6285241159922@s.whatsapp.net": {
      "daftar": false,
      "nama": "Tiaxz",
      "otp": "-",
      "email": "-",
      "serial": "-",
      "Rafathar": false,
      "lastUnregTime": 1731146720572
    },
    "6285711067448@s.whatsapp.net": {
      "daftar": false,
      "nama": "Rezza",
      "otp": "-",
      "email": "-",
      "serial": "-",
      "Rafathar": false,
      "lastUnregTime": 1731148798332
    },
    "628999499099@s.whatsapp.net": {
      "daftar": false,
      "nama": "𝗗𝗲𝗻𝘇𝘅 𝗼𝗳𝗳𝗶𝗰𝗶𝗮𝗹",
      "otp": "-",
      "email": "-",
      "serial": "-",
      "Rafathar": false,
      "lastUnregTime": 1731149417439
    },
    "6282160700472@s.whatsapp.net": {
      "daftar": false,
      "nama": "f",
      "otp": "-",
      "email": "-",
      "serial": "-",
      "Rafathar": false,
      "lastUnregTime": 1731149661838
    },
    "6285824997453@s.whatsapp.net": {
      "daftar": false,
      "nama": "..",
      "otp": "-",
      "email": "-",
      "serial": "-",
      "Rafathar": false,
      "lastUnregTime": 1731153916204
    },
    "6289506368777@s.whatsapp.net": {
      "daftar": false,
      "nama": "Dilzz X Sukuna",
      "otp": "-",
      "email": "-",
      "serial": "-",
      "Rafathar": false,
      "lastUnregTime": 1731154198667
    },
    "62881011116277@s.whatsapp.net": {
      "daftar": false,
      "nama": "Anomali",
      "otp": "-",
      "email": "-",
      "serial": "-",
      "Rafathar": false,
      "lastUnregTime": 1731156939320
    },
    "6283128327257@s.whatsapp.net": {
      "daftar": false,
      "nama": "SHIN | HOSTING 🚀🚀",
      "otp": "-",
      "email": "-",
      "serial": "-",
      "Rafathar": false,
      "lastUnregTime": 1731158327927
    },
    "6282174762125@s.whatsapp.net": {
      "daftar": false,
      "nama": "︎︎ ︎ ︎︎ ︎ ︎︎ ︎ ︎︎ ︎ ︎︎ ︎",
      "otp": "-",
      "email": "-",
      "serial": "-",
      "Rafathar": false,
      "lastUnregTime": 1731164633197
    },
    "62882016175206@s.whatsapp.net": {
      "daftar": false,
      "nama": "Hlmnn",
      "otp": "-",
      "email": "-",
      "serial": "-",
      "Rafathar": false,
      "lastUnregTime": 1731164672404
    },
    "6285751745563@s.whatsapp.net": {
      "daftar": false,
      "nama": "rezaff411",
      "otp": "-",
      "email": "-",
      "serial": "-",
      "Rafathar": false,
      "lastUnregTime": 1731167186799
    },
    "6285759717531@s.whatsapp.net": {
      "daftar": false,
      "nama": "#HilmanMods#",
      "otp": "-",
      "email": "-",
      "serial": "-",
      "Rafathar": false,
      "lastUnregTime": 1731196650667
    },
    "6282184186757@s.whatsapp.net": {
      "daftar": false,
      "nama": "AdittHosting",
      "otp": "-",
      "email": "-",
      "serial": "-",
      "Rafathar": false,
      "lastUnregTime": 1731216580105
    },
    "6285820202326@s.whatsapp.net": {
      "daftar": false,
      "nama": "Zanz",
      "otp": "-",
      "email": "-",
      "serial": "-",
      "Rafathar": false,
      "lastUnregTime": 1731218143588
    },
    "6281268529905@s.whatsapp.net": {
      "daftar": false,
      "nama": "Shopgame Wann",
      "otp": "-",
      "email": "-",
      "serial": "-",
      "Rafathar": false,
      "lastUnregTime": 1731229078721
    },
    "6285338310408@s.whatsapp.net": {
      "daftar": false,
      "nama": "ℭ𝔭𝔞𝔫𝔢𝔩 𝔇𝔦𝔩𝔷𝔷 ²",
      "otp": "-",
      "email": "-",
      "serial": "-",
      "Rafathar": false,
      "lastUnregTime": 1731230800127
    },
    "6283865233188@s.whatsapp.net": {
      "daftar": false,
      "nama": "˹𝐅𝐚̈́𝐭͢𝐡𝐚𝐧͎𝐓͢𝐳𝐲˼",
      "otp": "-",
      "email": "-",
      "serial": "-",
      "Rafathar": false,
      "lastUnregTime": 1731231197742
    },
    "6281284406155@s.whatsapp.net": {
      "daftar": false,
      "nama": "Revan",
      "otp": "-",
      "email": "-",
      "serial": "-",
      "Rafathar": false,
      "lastUnregTime": 1731239844964
    },
    "6283166012954@s.whatsapp.net": {
      "daftar": false,
      "nama": "P",
      "otp": "-",
      "email": "-",
      "serial": "-",
      "Rafathar": false,
      "lastUnregTime": 1731239873105
    },
    "6285346802049@s.whatsapp.net": {
      "daftar": false,
      "nama": "JEST",
      "otp": "-",
      "email": "-",
      "serial": "-",
      "Rafathar": false,
      "lastUnregTime": 1731240747885
    },
    "6283153182337@s.whatsapp.net": {
      "daftar": false,
      "nama": "RexxaSecond",
      "otp": "-",
      "email": "-",
      "serial": "-",
      "Rafathar": false,
      "lastUnregTime": 1731243888229
    },
    "62895370332572@s.whatsapp.net": {
      "daftar": false,
      "nama": "<{benzz}>",
      "otp": "-",
      "email": "-",
      "serial": "-",
      "Rafathar": false,
      "lastUnregTime": 1731246056749
    },
    "62881025010283@s.whatsapp.net": {
      "daftar": false,
      "nama": "Always ZeeXwyz",
      "otp": "-",
      "email": "-",
      "serial": "-",
      "Rafathar": false,
      "lastUnregTime": 1731379930990
    },
    "6288227515514@s.whatsapp.net": {
      "daftar": false,
      "nama": "Loraa Zhucenn",
      "otp": "-",
      "email": "-",
      "serial": "-",
      "Rafathar": false,
      "lastUnregTime": 1731385785895
    },
    "6285213378913@s.whatsapp.net": {
      "daftar": false,
      "nama": "LUKMAN JAPOST",
      "otp": "-",
      "email": "-",
      "serial": "-",
      "Rafathar": false,
      "lastUnregTime": 1731388984006
    },
    "6285640948755@s.whatsapp.net": {
      "daftar": false,
      "nama": "ahahahahah",
      "otp": "-",
      "email": "-",
      "serial": "-",
      "Rafathar": false,
      "lastUnregTime": 1731404908768
    },
    "6285174329065@s.whatsapp.net": {
      "daftar": false,
      "nama": "IkkyBotz",
      "otp": "-",
      "email": "-",
      "serial": "-",
      "Rafathar": false,
      "lastUnregTime": 1731408134157
    },
    "6281266749417@s.whatsapp.net": {
      "daftar": false,
      "nama": "No Name",
      "otp": "-",
      "email": "-",
      "serial": "-",
      "Rafathar": false,
      "lastUnregTime": 1731837278995
    },
    "6282231031149@s.whatsapp.net": {
      "daftar": false,
      "nama": "ISTANA KIDUL🔥🔥🔥",
      "otp": "-",
      "email": "-",
      "serial": "-",
      "Rafathar": false,
      "lastUnregTime": 1731837322487
    },
    "6281216803525@s.whatsapp.net": {
      "daftar": false,
      "nama": "Ian",
      "otp": "-",
      "email": "-",
      "serial": "-",
      "Rafathar": false,
      "lastUnregTime": 1731837540502
    },
    "6283861782741@s.whatsapp.net": {
      "daftar": false,
      "nama": "f",
      "otp": "-",
      "email": "-",
      "serial": "-",
      "Rafathar": false,
      "lastUnregTime": 1731837601374
    },
    "6283804163351@s.whatsapp.net": {
      "daftar": false,
      "nama": "ADIT STORE",
      "otp": "-",
      "email": "-",
      "serial": "-",
      "Rafathar": false,
      "lastUnregTime": 1731837629795
    },
    "6285189232119@s.whatsapp.net": {
      "daftar": false,
      "nama": "nndoenian",
      "otp": "-",
      "email": "-",
      "serial": "-",
      "Rafathar": false,
      "lastUnregTime": 1731837683086
    },
    "6285212116060@s.whatsapp.net": {
      "daftar": false,
      "nama": "DpzzRill",
      "otp": "-",
      "email": "-",
      "serial": "-",
      "Rafathar": false,
      "lastUnregTime": 1731837771464
    },
    "6285891281681@s.whatsapp.net": {
      "daftar": false,
      "nama": "‎",
      "otp": "-",
      "email": "-",
      "serial": "-",
      "Rafathar": false,
      "lastUnregTime": 1731837776366
    },
    "120363345983124798@newsletter": {
      "daftar": false,
      "nama": "No Name",
      "otp": "-",
      "email": "-",
      "serial": "-",
      "Rafathar": false,
      "lastUnregTime": 1731837797443
    },
    "120363304334683453@newsletter": {
      "daftar": false,
      "nama": "No Name",
      "otp": "-",
      "email": "-",
      "serial": "-",
      "Rafathar": false,
      "lastUnregTime": 1731837805905
    },
    "6289603754686@s.whatsapp.net": {
      "daftar": false,
      "nama": "R",
      "otp": "-",
      "email": "-",
      "serial": "-",
      "Rafathar": false,
      "lastUnregTime": 1731838874248
    },
    "6283894556422@s.whatsapp.net": {
      "daftar": false,
      "nama": "Dimz Back!",
      "otp": "-",
      "email": "-",
      "serial": "-",
      "Rafathar": false,
      "lastUnregTime": 1731838896632
    },
    "6289526390032@s.whatsapp.net": {
      "daftar": false,
      "nama": "Pahri baee👾",
      "otp": "-",
      "email": "-",
      "serial": "-",
      "Rafathar": false,
      "lastUnregTime": 1731838937029
    },
    "62895332111099@s.whatsapp.net": {
      "daftar": false,
      "nama": "𝐊𝐢𝐧𝐠𝐬𝐳𝐃𝐢𝟕𝟕",
      "otp": "-",
      "email": "-",
      "serial": "-",
      "Rafathar": false,
      "lastUnregTime": 1731838991906
    },
    "6283872088826@s.whatsapp.net": {
      "daftar": false,
      "nama": "𝐃𝐀𝐓𝐗𝐙𝐙\ǹ̸ًٌٌٍَُِّ̨̲̺̗̻͍̼̜ͨ̽͘͏ًٌٍٍَُِِّ̢̞̙̼̗̤̲̄̆ͮͫ͘ͅ͏ًٌٍَُِّ̨͈̋͒͒͌͏̷̸ًَُّ̹ͪ̄",
      "otp": "-",
      "email": "-",
      "serial": "-",
      "Rafathar": false,
      "lastUnregTime": 1731839767700
    },
    "6285649711314@s.whatsapp.net": {
      "daftar": false,
      "nama": "kyy 22%",
      "otp": "-",
      "email": "-",
      "serial": "-",
      "Rafathar": false,
      "lastUnregTime": 1731840198864
    },
    "60143221186@s.whatsapp.net": {
      "daftar": false,
      "nama": "ImaiBow.",
      "otp": "-",
      "email": "-",
      "serial": "-",
      "Rafathar": false,
      "lastUnregTime": 1731840828551
    },
    "628561805501@s.whatsapp.net": {
      "daftar": false,
      "nama": "Vellzz",
      "otp": "-",
      "email": "-",
      "serial": "-",
      "Rafathar": false,
      "lastUnregTime": 1731841115517
    },
    "6285752470725@s.whatsapp.net": {
      "daftar": false,
      "nama": "Ji Aero Maxcell",
      "otp": "-",
      "email": "-",
      "serial": "-",
      "Rafathar": false,
      "lastUnregTime": 1731841369359
    },
    "6285210835836@s.whatsapp.net": {
      "daftar": false,
      "nama": "Zakzz Cape Kenon",
      "otp": "-",
      "email": "-",
      "serial": "-",
      "Rafathar": false,
      "lastUnregTime": 1731841585113
    },
    "6288905750451@s.whatsapp.net": {
      "daftar": false,
      "nama": "._",
      "otp": "-",
      "email": "-",
      "serial": "-",
      "Rafathar": false,
      "lastUnregTime": 1731842316616
    },
    "60129605129@s.whatsapp.net": {
      "daftar": false,
      "nama": "MeerzBurungs",
      "otp": "-",
      "email": "-",
      "serial": "-",
      "Rafathar": false,
      "lastUnregTime": 1731844586450
    },
    "6289653777688@s.whatsapp.net": {
      "daftar": false,
      "nama": "Ndan",
      "otp": "-",
      "email": "-",
      "serial": "-",
      "Rafathar": false,
      "lastUnregTime": 1731845057861
    },
    "62895420135060@s.whatsapp.net": {
      "daftar": false,
      "nama": "Lunxy",
      "otp": "-",
      "email": "-",
      "serial": "-",
      "Rafathar": false,
      "lastUnregTime": 1731845171970
    },
    "6289602557443@s.whatsapp.net": {
      "daftar": false,
      "nama": "Iy AHH",
      "otp": "-",
      "email": "-",
      "serial": "-",
      "Rafathar": false,
      "lastUnregTime": 1731845187860
    },
    "120363360534526780@newsletter": {
      "daftar": false,
      "nama": "No Name",
      "otp": "-",
      "email": "-",
      "serial": "-",
      "Rafathar": false,
      "lastUnregTime": 1731846897693
    },
    "120363358326192328@newsletter": {
      "daftar": false,
      "nama": "No Name",
      "otp": "-",
      "email": "-",
      "serial": "-",
      "Rafathar": false,
      "lastUnregTime": 1731847060879
    },
    "6288290580901@s.whatsapp.net": {
      "daftar": false,
      "nama": "-always🖕-",
      "otp": "-",
      "email": "-",
      "serial": "-",
      "Rafathar": false,
      "lastUnregTime": 1731904698233
    },
    "6283113109015@s.whatsapp.net": {
      "daftar": false,
      "nama": "🦇",
      "otp": "-",
      "email": "-",
      "serial": "-",
      "Rafathar": false,
      "lastUnregTime": 1731911141720
    },
    "6285926514440@s.whatsapp.net": {
      "daftar": false,
      "nama": "Restu",
      "otp": "-",
      "email": "-",
      "serial": "-",
      "Rafathar": false,
      "lastUnregTime": 1731920056607
    },
    "639543262307@s.whatsapp.net": {
      "daftar": false,
      "nama": "cbill",
      "otp": "-",
      "email": "-",
      "serial": "-",
      "Rafathar": false,
      "lastUnregTime": 1731921106884
    },
    "37062545302@s.whatsapp.net": {
      "daftar": false,
      "nama": "tak tau nama",
      "otp": "-",
      "email": "-",
      "serial": "-",
      "Rafathar": false,
      "lastUnregTime": 1731921374947
    }
  },
  "chats": {
    "6285864743922@s.whatsapp.net": {
      "antilink": false,
      "antilinkgc": false,
      "mute": false
    },
    "120363318521671268@newsletter": {
      "antilink": false,
      "antilinkgc": false,
      "mute": false
    },
    "120363321313585420@g.us": {
      "antilink": false,
      "antilinkgc": false,
      "mute": false
    },
    "6283183432282@s.whatsapp.net": {
      "antilink": false,
      "antilinkgc": false,
      "mute": false
    },
    "120363305645884809@g.us": {
      "antilink": false,
      "antilinkgc": false,
      "mute": false
    },
    "120363305312031383@g.us": {
      "antilink": false,
      "antilinkgc": false,
      "mute": false
    },
    "6283166012954@s.whatsapp.net": {
      "antilink": false,
      "antilinkgc": false,
      "mute": false
    },
    "628153160000@s.whatsapp.net": {
      "antilink": false,
      "antilinkgc": false,
      "mute": false
    },
    "6283805811703@s.whatsapp.net": {
      "antilink": false,
      "antilinkgc": false,
      "mute": false
    },
    "6285600140919@s.whatsapp.net": {
      "antilink": false,
      "antilinkgc": false,
      "mute": false
    },
    "6285141617038@s.whatsapp.net": {
      "antilink": false,
      "antilinkgc": false,
      "mute": false
    },
    "6285776011493@s.whatsapp.net": {
      "antilink": false,
      "antilinkgc": false,
      "mute": false
    },
    "6285727264161@s.whatsapp.net": {
      "antilink": false,
      "antilinkgc": false,
      "mute": false
    },
    "6285935348765@s.whatsapp.net": {
      "antilink": false,
      "antilinkgc": false,
      "mute": false
    },
    "6283892516398@s.whatsapp.net": {
      "antilink": false,
      "antilinkgc": false,
      "mute": false
    },
    "6285241159922@s.whatsapp.net": {
      "antilink": false,
      "antilinkgc": false,
      "mute": false
    },
    "6282160700472@s.whatsapp.net": {
      "antilink": false,
      "antilinkgc": false,
      "mute": false
    },
    "6283128327257@s.whatsapp.net": {
      "antilink": false,
      "antilinkgc": false,
      "mute": false
    },
    "6288215075120@s.whatsapp.net": {
      "antilink": false,
      "antilinkgc": false,
      "mute": false
    },
    "628999499099@s.whatsapp.net": {
      "antilink": false,
      "antilinkgc": false,
      "mute": false
    },
    "6285783478720@s.whatsapp.net": {
      "antilink": false,
      "antilinkgc": false,
      "mute": false
    },
    "6285759717531@s.whatsapp.net": {
      "antilink": false,
      "antilinkgc": false,
      "mute": false
    },
    "6282312725595@s.whatsapp.net": {
      "antilink": false,
      "antilinkgc": false,
      "mute": false
    },
    "6285820202326@s.whatsapp.net": {
      "antilink": false,
      "antilinkgc": false,
      "mute": false
    },
    "6281268529905@s.whatsapp.net": {
      "antilink": false,
      "antilinkgc": false,
      "mute": false
    },
    "6289506368777@s.whatsapp.net": {
      "antilink": false,
      "antilinkgc": false,
      "mute": false
    },
    "120363363055841087@g.us": {
      "antilink": false,
      "antilinkgc": false,
      "mute": false
    },
    "6285213378913@s.whatsapp.net": {
      "antilink": false,
      "antilinkgc": false,
      "mute": false
    },
    "6288227515514@s.whatsapp.net": {
      "antilink": false,
      "antilinkgc": false,
      "mute": false
    },
    "62881025010283@s.whatsapp.net": {
      "antilink": false,
      "antilinkgc": false,
      "mute": false
    },
    "6283841880233@s.whatsapp.net": {
      "antilink": false,
      "antilinkgc": false,
      "mute": false
    },
    "6281266749417@s.whatsapp.net": {
      "antilink": false,
      "antilinkgc": false,
      "mute": false
    },
    "6282231031149@s.whatsapp.net": {
      "antilink": false,
      "antilinkgc": false,
      "mute": false
    },
    "6281216803525@s.whatsapp.net": {
      "antilink": false,
      "antilinkgc": false,
      "mute": false
    },
    "120363346818009729@g.us": {
      "antilink": false,
      "antilinkgc": false,
      "mute": false
    },
    "120363365775281695@g.us": {
      "antilink": false,
      "antilinkgc": false,
      "mute": false
    },
    "120363345983124798@newsletter": {
      "antilink": false,
      "antilinkgc": false,
      "mute": false
    },
    "120363304334683453@newsletter": {
      "antilink": false,
      "antilinkgc": false,
      "mute": false
    },
    "6288286072286@s.whatsapp.net": {
      "antilink": false,
      "antilinkgc": false,
      "mute": false
    },
    "120363283315609078@g.us": {
      "antilink": false,
      "antilinkgc": false,
      "mute": false
    },
    "62895332111099@s.whatsapp.net": {
      "antilink": false,
      "antilinkgc": false,
      "mute": false
    },
    "6285649711314@s.whatsapp.net": {
      "antilink": false,
      "antilinkgc": false,
      "mute": false
    },
    "6283872088826@s.whatsapp.net": {
      "antilink": false,
      "antilinkgc": false,
      "mute": false
    },
    "628561805501@s.whatsapp.net": {
      "antilink": false,
      "antilinkgc": false,
      "mute": false
    },
    "60143221186@s.whatsapp.net": {
      "antilink": false,
      "antilinkgc": false,
      "mute": false
    },
    "120363360534526780@newsletter": {
      "antilink": false,
      "antilinkgc": false,
      "mute": false
    },
    "120363358326192328@newsletter": {
      "antilink": false,
      "antilinkgc": false,
      "mute": false
    },
    "6288290580901@s.whatsapp.net": {
      "antilink": false,
      "antilinkgc": false,
      "mute": false
    },
    "6285926514440@s.whatsapp.net": {
      "antilink": false,
      "antilinkgc": false,
      "mute": false
    },
    "60129605129@s.whatsapp.net": {
      "antilink": false,
      "antilinkgc": false,
      "mute": false
    },
    "639543262307@s.whatsapp.net": {
      "antilink": false,
      "antilinkgc": false,
      "mute": false
    },
    "37062545302@s.whatsapp.net": {
      "antilink": false,
      "antilinkgc": false,
      "mute": false
    },
    "62838372088826@s.whatsapp.net": {
      "antilink": false,
      "antilinkgc": false,
      "mute": false
    },
    "6282261652010@s.whatsapp.net": {
      "antilink": false,
      "antilinkgc": false,
      "mute": false
    },
    "6283113109015@s.whatsapp.net": {
      "antilink": false,
      "antilinkgc": false,
      "mute": false
    }
  },
  "game": {},
  "database": {},
  "stickercmd": {},
  "settings": {},
  "setting": {},
  "others": {},
  "sticker": {}
}